Reci_name,Reci_contact
北京市众安公益基金会,19622783560
中国红十字基金会,14568775281
中国扶贫基金会,16371647217
爱德基金会,17182864932
攀枝花市众援志愿者协会,11273466883
天津市滨海社区公益基金会,12777675555
上海聚善慈善超市,17589670941
北京扬帆公益基金会,15847867475
中国社会福利基金会,12303252913
上海联劝公益基金会能量中国专项基金,14285146496
四川省红十字基金会,17643071172
成都市慈善总会,19455969675
深圳壹基金公益基金会,13766060082
北京平澜公益基金会,15669952180
天津市石学敏中医发展基金会,18376411761
重庆市慈善总会,19941705684
长沙市气韵场家庭生态研究与促进中心,18091239559
泰安市健康公益事业发展协会,16999629599
南京市鼓楼区扶众公益服务中心,11496000694
永康市阳光爱心义工协会,15697392797
长沙市优儿帮儿童健康公益服务中心,19371444886
湖南省东西方社会工作服务中心,15551377694
常州宝林慈善基金会,17447815356
之心基金,11647680984
合肥市庐阳区安泰社会工作服务中心,17515237939
重庆市合川区嘉涪同心社会工作服务中心,16386857429
重庆市黔江区同德社会工作服务中心,11688319033
长沙市开福区五老松养老服务中心,13199689057
松原市一米阳光公益组织发展中心,12906625402
天津市西青区绿邻居社区服务中心,19942860679
成都市青羊区星光助善服务中心,15184085268
成都高新区链爱动力助残服务中心,16383753675
阆中市知行公益协会,13252394268
浙江省妇女儿童基金会,16234323715
广西红十字基金会,11802340454
天津市社会救助基金会,15346807733
南昌青巢社会组织服务中心,19210784352
沈阳市慈善总会,11498862897
上海传梦爱心基金会,15254202916
南京市鼓楼区爱德慈佑院,16756256387
广东省山海源慈善基金会,11852081857
无锡灵山慈善基金会,16719309720
重庆春语社会工作服务中心,11322560090
上海市华侨事业发展基金会,18806097963
新余市扶贫慈善基金会,18066328471
南京阳光心汇心公益基金会,11738061947
浙江省阳光教育基金会,19856870154
北京德医健康管理促进中心,17483082191
上海联劝公益基金会复星助天下专项基金,13065917167
长沙市振华助学志愿服务中心,14186362239
平江县博凯社会工作服务中心,17639026855
长沙县惠心儿童潜能发展中心,14139465866
深圳市老龄事业发展基金会,19920542500
宁乡市八哥公益服务中心,11321214878
成都市科技新闻学会,17031269070
浙江省残疾人福利基金会,16697725853
株洲市康复者量化研究发展基金会,13959323584
焦作慈善总会,16754219583
深圳市爱燕慈善基金会,17752632420
郑州经开区弘益社会工作服务中心,11541396099
佛山市顺德区田禾家庭文化传播中心,15626224401
石家庄市裕华区语训特殊教育培训学校,14289300582
成都市残疾人福利基金会,16387121057
微笑环境教育专项基金,19051066228
衡阳市蒸湘区启明星康复中心,18855115620
苏州市儿童少年基金会,15247592493
滨州市慈善总会,13219896390
宁波市善园公益基金会,15451341030
福建省青少年发展基金会,16466266912
南京市慈善总会,18745285046
广东省雏鹰助学促进会,19237369887
武陟县慈善协会,15732572464
济南东方博爱助老服务中心,12977331262
平顶山市鸣慧社会工作服务中心,18711161709
长垣县大河公益协会,16873943343
中国妇女发展基金会,19247703000
北京市朝阳区永续全球环境研究所,17447311949
成都慈联公益事业发展中心,11906706675
益童（孤儿）成长中心,17108790493
留坝县慈善会,13921134688
奉节县大爱夔州志愿者协会,15233079661
中华救助大病救助中心,16183100483
泸州市仁人公益发展中心,12599790294
民乐县青年志愿者服务中心,15867324850
重庆市残疾人福利基金会,13488881628
喀左县利州社会工作服务中心,12736903962
深圳市慈善会,15799239907
中国绿化基金会,16307185749
山东省中投慈善公益基金会为爱专项基金,13980587594
重庆市南岸区益友公益发展中心,11221488696
上海仁德基金会,17671934816
深圳市华唱原创音乐基金会,16455578670
北京东方丝雨渐冻人罕见病关爱中心,11195099816
恩平市天梦公益发展中心,15168835234
牡丹江市阳光爱心互助会,13486591423
太康县益启爱社会救助服务中心,13015724985
西藏星光社会工作服务中心,19633732736
南昌市青少年发展基金会,12698213753
庐山市一米阳光公益联合会,14335576458
陇南光明公益联合会,12046766374
深圳市拥抱阳光艺术团,18677237494
青岛市黄岛区小雨点公益服务中心,15802707991
深圳市广电公益基金会,16885196066
西安市雅正志愿者服务中心,12387279638
重庆市渝中区奇恩少儿关爱服务中心,13816968151
中牟县慈善总会,19050315752
中华少年儿童慈善救助基金会,19647566540
泰安市圆梦公益事业发展中心,18035447104
点亮平凡世界专项基金,12825486896
天津递爱之家困难家庭帮扶中心,16761111934
支教团西部愿望教育促进会,16747184369
浙江省微笑明天慈善基金会,17597039710
长沙市红十字会志愿服务队,14288777296
广东省岭南教育慈善基金会,16013933986
云南省红十字会,15423995187
重庆市潼南区同悦社会工作服务中心,16167311686
长沙市雨花区群英公益发展促进中心,15213970498
重庆市大渡口区德善社会工作服务中心,11134394091
成都市雏羽公益服务中心,17686130971
哈尔滨市香坊区听障儿童语训康复研究所,13148618463
上海久牵志愿者服务社,15099809806
铁东区鑫苗听力语言康复幼儿园,14415684271
德州市育红聋儿语训中心,11561533795
沈阳市大爱社会工作服务中心,15907927997
松原市浩瀚公益事业服务中心,14148805362
北京亿天使公益基金会,16039016419
江西省红十字基金会,11506295924
元氏县星火志愿服务中心,15768812085
济南市星星缘心智障碍者关爱中心,18612552248
沈阳市皇姑区康纳洲孤独症家庭服务中心,18800527068
盘锦原之爱心智障碍者家长互助中心,18763666307
上海春华秋实公益基金会,12827743620
长沙阳光心翼家园,14037471856
中国狮子联会,12532070493
米脂县爱满银州志愿服务中心,12516234498
成都橙熊猫公益服务中心,13874261598
白水县慈善协会,11640536292
自贡高新区源馨社会救助社会工作服务中心,17836953286
合肥市庐阳区仁爱婚姻家庭服务中心,17361904244
赤峰益途社会组织服务中心,13737361804
北京绿创公益基金会,19295652075
枣庄市市中区青年志愿者协会,11724276747
河南省妇女儿童发展基金会,19654291869
天津市红十字会,15294226844
广州市妇女志愿者协会,15488858800
江苏省慈善总会,14516726501
重庆仁爱社会工作服务中心,11833432953
中国人口福利基金会,12212386242
佛山市顺德区青年企业家 （青商）协会,18238678749
西安市小蜜蜂公益慈善基金会,18720037121
中国社会福利基金会社区发展基金,13920104994
和田地区生命之光慈善协会,17315169591
深圳市吉尊玛慈善基金会,12969796635
重庆市渝中区和家社会工作事务所,14082087959
中华思源工程扶贫基金会,17722754840
日照爱心联盟,19998036909
北京微爱公益基金会,13445645253
天津市心羽公益基金会,15369355011
赣州市红十字博爱基金会,16757324796
北京启爱公益基金会,18834866063
童缘资助中心,16910671157
南昌县仁德公益援助中心,18981303321
中国老龄事业发展基金会,19503348655
广东狮子会,13620325950
曹县志愿者协会,18076905815
三门县有为图书馆,14523219111
深圳市南山区如意树爱心促进会,17106314478
成都书语公益服务中心,11063821385
重庆市暖洋洋社会工作服务中心,16092804384
重庆市沙坪坝区萤火虫社会工作服务中心,14167883899
北京凌锋公益基金会,16178872987
深圳市星盟慈善基金会,17093096240
西安市蒲公英慈善公益中心,11547262358
河南省学生安全救助基金会,19118395699
宣恩县义工协会,17713634448
厦门市中途之家脊髓损伤者服务中心,17717163149
广东省百蹊教育基金会,12285156899
徐州市筑梦公益服务中心,14712497049
神木市慈善协会,16633040684
广东省扬善公益事业促进会,16240643465
西安市晴暖助医公益慈善中心,13994335492
昆明市呈贡区云加益社会工作服务中心,12182652184
靖边县慈善协会,11299127458
湘潭市信德公益服务中心,12971327590
西安市临潼区慈善会,13119620967
西安市莲湖区慈善协会,17024995435
西安市慈善会,14959151299
韩城市慈善协会,19668163059
河北省新联合公益基金会,18142859878
河南省助残济困总会,14966996021
沿河土家族自治县春晖公益协会,13597286866
瑞金市弘爱公益援助中心,19026084836
西安市益路同行助老服务中心,12412979740
定边县慈善协会,12234017260
铜川市慈善暨扶贫协会,14753028565
连爱社会服务中心,13871884567
深圳市崇上慈善基金会,19422926711
三原县慈善协会,11030477078
泰安市泰山慈善基金会,15191902289
昭通市秋城志愿服务中心,18076423858
上海浦东新区金杨社区公益基金会,12179794144
榆林市慈善协会,17487692912
郑州益善志愿互助中心,16457659015
上海复星公益基金会,16504342487
马边彝族自治县扶贫开发协会,13706120942
广州市黄埔区信德社会工作服务中心,14608289432
同心爱心救助协会,19719089783
浙江省幸福种子公益事业发展中心,16387899325
中国滋根乡村教育与发展促进会,11367701568
温州市鹿城区以琳社会工作服务中心,11511689706
宜宾市春苗公益助学中心,15183755091
苏州市成长之树公益助学中心,14868165583
中国金融教育发展基金会,14460099745
沈阳市苏家屯区辉洒人间爱心公益协会,17467962585
西安市扶弱助困公益慈善基金会,13433262332
芜湖市千帆助学公益中心,12341590215
靖州苗族侗族自治县义工联合会,14491422140
东莞市莞科社会工作服务中心,15305430085
富源县富村镇启蒙幼儿园,11181393273
丹阳市玉汝于成慈善基金会,18435718748
青岛市民商法研究会,11295969284
昆山市爱德社会组织培育中心,16036252723
重庆市涪陵麦田社会工作服务中心,11426819912
四川省贫困地区人才培育研究基金会-智慧大健康公益基金,16782515008
天津市初心公益帮扶服务中心,11158165132
大连市青少年发展基金会,14715341068
江苏省发展体育基金会,17912729556
重庆市石柱土家族自治县爱微慈善服务中心,13206361324
上海普陀区爱托付关爱服务中心,18684617708
重庆市渝中区小书包公益助学中心,19020222829
上海觉群文教基金会,11279506107
榆阳区慈善协会,11774335308
诸城市阳光社会工作服务发展中心    ,16304887714
西安市蚂蚁公益慈善基金会,13158191379
重庆市长寿区德邻社会工作服务中心,17542445065
思源·仁慧公益基金,13149138514
河南省慈善总会洛阳慈善社工基金,17678607254
成都市天府新区新朗公益服务中心,14392936441
长沙市天心区和方圆社会服务中心,19207692307
湖南省红十字会,18573061073
湖南省佛慈基金会,11863362109
北京缘梦公益基金会,19465065280
河南省爱心助老基金会,18892441164
郑州市二七区益行助慈互助中心,14565911704
延川县慈善协会,13883953173
重庆市阳光公益事业基金会,18247668985
米脂县慈善协会,14256002113
北海民间志愿者协会,15019892429
连山壮族瑶族自治县希望之光志愿者协会,18277276342
福建省商盟公益基金会,14657311460
郑州市上街区意诚社会工作服务中心,16091966019
唐山市丰润区芳芳聋儿语言康复中心,17314793628
重庆市渝中区启音听力语言康复中心,15009717593
pengpai测试公募机构,14153725468
陕西省慈善协会,17722598665
徐州市慈善总会,13275302350
深圳市德义爱心促进会,13773243756
昆明市呈贡区甘霖社会工作服务中心,16843319068
印江土家族苗族自治县春晖行动公益协会,13257454246
安徽省红十字会,12802246896
安徽省红十字基金会,19009642615
中华儿慈会小星欣新生命项目,19111123796
锦州市星星之火爱心协会,17068578325
中华少年儿童慈善救助基金会“春雨行动”,13138499515
重庆市江北区知爱社会工作服务中心,17717794215
河北省残疾人福利基金会,13972054911
海南墨子慈善基金会,16846962919
镇江市网络社会组织联合会,17632750037
桂林助学联合会,13273862543
北京天使妈妈慈善基金会,11420985985
贵州省励志助学中心,14490803188
合肥市包河区上善关爱中心,12807571021
北京新阳光慈善基金会,13328378794
平凉市雨润公益服务中心,16139106666
昭通市穆青公益服务中心,15423863483
重庆市冬青社会工作服务中心,13446384547
中国野生植物保护协会,12017605994
济宁市志愿服务联合会,17354858365
江苏省荣昌济困基金会,12767810317
中华思源工程扶贫基金会搜狐焦点公益基金,12910097924
福建省助困公益协会,18904618080
河南省慈善总会金像摄影之光公益基金,15989090121
新疆红石慈善基金会,14552041977
天津市妇女儿童发展基金会,18767592476
邯山区萤火社会工作服务中心,12652183538
河北慈善联合基金会,16230751446
济南泉爱公益服务中心,16357738990
苏州弘化社慈善基金会,14496394301
鹤壁市慈善总会,19956849623
天津市西青区乐益社区服务中心,14669178466
重庆市南岸区小太阳心智障碍儿童康复托养中心,14553010615
西安市上善公益慈善基金会,16395339658
新疆维吾尔自治区青少年发展基金会,17418733443
中国西部人才开发基金会,14252420925
广元市微公益志愿者协会,13704530710
重庆市石柱土家族自治县风行公益服务中心,14872724318
成都吾乐公益服务中心,13728055195
隆回县大邵公益志愿者联合会,15121802006
中华儿慈会彩云助苗友益爱心专项基金,14575147758
天津市青少年发展基金会,11319657815
遵义市壹和志愿者服务发展中心,11685622881
北京同心圆慈善基金会,18307514183
东莞市圆梦公益服务中心,14650780733
天津市凯尔翎公益基金会,11023283040
重庆两江新区旭睿爱心志愿者协会,16667042165
南阳市义务工作者联合会,11647153750
郑州市花之春社会工作发展中心,12978822986
广州市从化区启萌志愿服务中心,19080665264
深圳市宏德公益基金会,15305781572
六安市方德公益服务中心,18007315627
河北省悦辰星慈善基金会,14399789355
重庆市红十字基金会,11274484193
思源·仁德慈善基金,15759544402
代县手牵手公益援助中心,17408815266
湖北省青少年发展基金会,19171931132
湖北省红十字基金会,16510581767
宁波市慈善总会,12080205819
西安市善爱济困公益基金会,14701381038
宁夏吉庆公益基金会,18721643435
浙江省爱心事业基金会,18613296157
南阳市慈善总会,18684762555
江苏省同泰慈善基金会,15419092276
中国志愿服务基金会,18768663153
郑州市二七区慈善总会,17710456790
深圳市建辉慈善基金会,16878817682
拾聪者公益计划,12582145063
腾讯公益慈善基金会（内部测试）,12760006730
扬州文峰慈善基金会,12615521301
海南世界联合公益基金会,15672028148
中华社会救助基金会,14991261056
新疆生产建设兵团红石慈善基金会,11223150740
四川省贫困地区人才培育研究基金会青少儿教育公益基金,18119629513
绍兴市善雅公益服务社,17010513644
深圳市龙华区海纳儿童康复中心,13946071914
宝鸡市公益慈善联合会,16854455075
西安市酉乐中老年文化艺术协会,11663950885
中国听力医学发展基金会,17097707865
重庆市江北区绿叶义工志愿者协会,11134524831
大庆馨语特殊教育中心,15058346055
鞍山市呼吸联盟志愿者协会,16227614872
大庆市让胡路区馨语特殊教育学校,15152610937
深圳市慈缘慈善基金会,15852393681
广州市乐善助学促进会,17743264218
中华慈善总会,15771796024
中华儿慈会-瞳爱救助中心,15150771043
  上海同达人本儿童关爱发展中心,16728457949
北京市戈友公益援助基金会,15157890973
昆明市西山区麦田公益发展中心,13220939886
成都爱益行公益服务中心,13352687192
南阳市卧龙区同善社会服务中心,17442567837
象山县大旸公益慈善基金会,19869896927
中国职工发展基金会,14571476532
沈阳市华易伤害预防公益基金会,11357162054
安源慈善协会,15058758283
深圳市龙岗区春暖社工服务中心,18605481479
南昌市血之友公益协会,12268807219
杭州市上城区六和青少年阅读服务中心,12581096483
吴忠市利通区福康公益事业发展中心,16368009371
湖南省大爱无疆青少年公益发展中心,14529215198
广州市越秀区融爱之家特殊儿童服务中心,12938812983
凉山州达祖公益助学服务中心,18978414135
永泰县阳光慈善基金会,19258929631
恩施市义工协会,12123668012
湖南省大爱慈善基金会,17430496473
海南省残疾人基金会,15774026238
中华儿慈会圆梦专项基金,13549180886
山东省中投慈善公益基金会,14997338169
广东省青少年发展基金会,17750355057
 河南省慈善总会--南阳市卧龙区鸿基社会服务中心,15498084043
深圳市社会公益基金会.和痫莉爱公益基金,19299196600
泰安市知行公益阅读服务中心,17279017499
泰安市泰山之心公益服务中心,16297687212
泰安市泰山慈善基金会星光专项基金,16978273867
西安市助老爱幼公益慈善基金会,11017926338
厦门残疾人福利基金会,12438851295
天天爱心公益基金,13701741031
成都市三渡潜能社会工作服务中心,17406497183
烟台市红十字会机关,15371838256
浙江安福利生慈善基金会,16524071989
深圳市华侨公益基金会,16756848732
上海市凤巢科技创新合作中心,17121448179
广州市阳光青藤爱心促进会,13574237392
深圳市龙越慈善基金会,13932517091
北京有爱有未来公益促进中心,11722138889
阿咪妈啰爱心助学协会,16866759046
北京传益千里社会组织能力建设发展中心,12109823989
西双版纳州热带雨林保护基金会,19944936013
成都市成华区约未来社会工作服务中心,11772099480
北京新民社会组织能力建设促进中心,12806145837
重庆市华岩文教基金会,18769405038
广州市幕天青少年教育发展服务中心,16539104794
赤峰市红十字会,15910489959
中国社会福利基金会联合劝募中心,11380709611
昆明市青少年发展基金会,11738445888
石家庄市裕华区暖阳社会工作服务中心,18155185216
南阳市卧龙区仁爱社会救助服务中心,12383252403
江西青原弘济慈善基金会,16589878157
中国牙病防治基金会,17760000097
海盐县西塘桥街道东海社区新起点社工服务中心,12052041797
深圳市龙华区慈善会,12868153574
中华儿慈会星星雨专项基金,17380137736
山东童善儿童福利公益发展中心,14802836061
北京扶老助残基金会,14511643423
北京众一公益基金会,13790075697
天津市北辰区善心善缘志愿帮扶中心,15396431633
北京市朝阳区金羽翼残障儿童艺术康复服务中心,13215987950
北京市顺义区益立方社会工作事务所,19711460088
新疆维吾尔自治区资助教育基金会,13722513251
爱碍爱就业支持,12901542122
东莞市微笑爱心慈善基金会,15464347517
金华市幸福家人公益协会,15066483936
临沂市河东区绘世图书馆,15523292213
福建省红十字会,19195111810
深圳市大鹏新区珊瑚保育志愿联合会,12913796527
广东省博华残疾人扶助基金会,13649044342
遂宁市关心下一代基金会,14554136569
广州市无障碍健康运动协会,11297681307
南阳市宛城区吉福能力康复训练中心,19641708150
广东省麦田教育基金会,17764656726
成都市仁怀社会工作服务中心,12891868002
杭州市滨江区启睿公益服务中心,18128726055
邳州市唯爱公益计划志愿者之家,14500177405
武汉市武昌区自然衡平生态环保公益服务中心,17129722111
宁乡市新康志愿服务队,16319348759
四川省残疾人福利基金会,14794133917
成都汇涓社会组织发展中心,18130356209
杭州六个大包公益服务中心,16710381320
中国煤矿尘肺病防治基金会,11070834912
泰安市泰山区晨希公益援助中心,12075567748
广东公益恤孤助学促进会,11705821212
科左后旗慈善总会,12717739408
北京姚基金公益基金会,17640944373
建德市同心倾听助老服务站,18427418284
深圳市青少年发展基金会,16352620090
深圳市博思家庭教育指导中心,12656927912
四川残疾人艺术团,16805218555
中国社会福利基金会安宁缓和医疗专项基金,16439592462
中华儿慈会宇泽慈心,11097482814
思源润琪公益基金,11155933882
中关村精准医学基金会 ,16778889604
北京燕创慈善基金会,18495120972
民乐县居家养老服务中心,15072077591
北京京华公益事业基金会,15242497940
北京彩虹公益基金会,14441577825
北京幸福家庭科普教育公益促进中心,17241688527
新兴县志愿服务联合会,15319611893
长沙市传承社工发展中心,12317571812
中华儿慈会青少儿医教融合项目,11492745939
重庆市九龙坡区黄桷树青年社工发展协会,11675473524
南阳市卧龙区鸿基社会服务中心,17022971019
河北省绿色农业发展基金会,16762323671
深圳市海学堂青少年公益事业发展中心,19222787296
西安陕西科技大学教育发展基金会,17681718927
上海黄浦区和浦社区公益服务中心,14258409283
北京爱尔公益基金会,19359053298
四川省索玛慈善基金会,12426987990
金寨春雨公益协会,11695830139
深圳市温馨社工服务中心,11785116236
广西浩德慈善基金会,16778098794
郑州市法律援助基金会,13591234829
济南泉民文化艺术交流中心,17153310116
内蒙古公益事业发展基金会,13162961336
中国社会福利基金会护爱专项基金,12245204324
郑州慈善总会,19240066644
广东省慧灵智障人士扶助基金会,11040206688
上海杉树公益基金会,14591661141
西安市春雨济困公益慈善基金会,17489718078
南昌市崛美公益发展中心,11047733282
海南省众善关爱小动物志愿者协会,16783778851
浏阳市仁爱残疾人服务中心,14344169888
北京爱无痕烧烫伤康复关爱中心,17366073147
微笑明天百草箱专项基金,17902343853
西安市善行公益慈善基金会,12789976388
中国社会福利基金会博爱基金,12141523131
深圳市妇女儿童发展基金会,13891117426
龙岩市慈善总会,11449866611
泰安市厚德公益事业发展中心,11739885476
丁建桂,14861368645
济宁晓娅慈善公益中心,15167703339
中华儿慈会回家的希望,13532395674
中国社会福利基金会生活道公益基金,15422752297
四川省慈善总会,13000299671
厦门南普陀寺慈善会,14362346613
中国民族文化艺术基金会,13159051005
上海市慈善基金会,16838848237
平顶山市爱之家社会工作服务中心,16126955243
上海市杨浦区定海社区公益基金会,19151395483
段树斌,13266800778
中华儿慈会爱之源专项基金,11600821840
嘉兴市红十字会,12240760821
江西省青少年发展基金会,13992381403
四川省贫困地区人才培育研究基金会-惠民帮扶公益基金,17550433408
成都市青羊区睿道健康社区服务中心,11612617225
湖南省温暖工程基金会,12713081846
河南省公益文化传播基金会,13425840060
长春市九台区仁爱志愿者协会,14290419968
广州市残疾人福利基金会,15895785960
四川省贫困地区人才培育研究基金会-北斗遨翔专项基金,14303148367
淄博益家人助困服务中心,12567178229
中国社会福利基金会爱小丫基金,16360602028
金华市小脚丫公益基金会,13996792794
北京嫣然天使儿童医院,12809654811
张艳振志愿者团队,14192918077
健坤慈善基金会,14431691322
山西省文化发展基金会,19368100685
海伦市清水动物保护协会,14843343114
南充市卓锦社会工作服务中心,11891864865
授渔计划,12353515279
中国社会福利基金会光爱慈善基金,11759649547
辽宁省慈善总会,15029387246
甘孜藏族自治州关心下一代基金会,18569621953
阜城县阳光志愿者协会,12559765228
张家口经开区慈善义工联合会,18738942056
浙江千训爱心慈善基金会,16133191537
爱家乡感恩母校在行动,19911073035
毕节市同心社会工作发展中心,13166157509
太阳村专项基金,18096778771
郴州市慈善总会,15855787587
东营市麦客志愿服务中心,14203558455
苏州陈霞爱心慈善基金会,15545404939
德清县晨曦社会工作服务中心,19214739422
广西生物多样性研究和保护协会,19689357843
北京感恩公益基金会,12051574400
北京兴唐公益基金会,18318892296
邹飞飞,13690694880
成都市关心下一代基金会,15174869964
许利沙,14737857429
姚霁桐,16206283496
李柏粮,18120304816
张家口市宣化慈善义工联合会,12265882483
北京心宇社会工作发展中心,19006714513
长春市南关区义工公益事业发展中心,16355527905
宁夏青少年发展基金会,19386946421
千岛湖自然农法推广和示范中心,18062245893
成都公益慈善联合会,12746817203
爱百福,12741426057
延安有我一棵（亩）苹果树公益协会,11684331529
重庆市大渡口区千载青少年发展研究中心,14724245238
天津益加公益社会爱心帮扶服务中心,12089742247
平顶山市有家社会工作服务中心,16389024165
中国煤矿尘肺病防治基金会 明德阳光爱心基金,12570350485
北京远洋之帆公益基金会,17234680334
中华儿慈会向日葵爱心公益项目,11386413964
西安市暖阳助医公益慈善中心,17819364854
成都市青羊区睿道之心社会工作服务中心,15858563909
芭莎公益慈善基金,16321285005
深圳市见义勇为基金会,19136132742
中华儿慈会天使之爱专项基金,19406457686
甘肃省扶贫基金会,11138323028
深圳市青年公益促进会,16238452303
长沙市万家欢助困公益服务中心,11075630769
河南省红十字基金会,14217645498
北京市慈善协会,18737885932
深圳市蓝色海洋环境保护协会,17018914414
深圳市关爱行动公益基金会,13734008451
上海蓝海公益基金会,14200208943
济南市励行公益服务中心,16820964896
陕西省慈善联合会,15664328885
大连市微善爱护动物协会,15021007258
蒋超,17500794836
上海剪爱公益发展中心,11409909991
中国生物多样性保护与绿色发展基金会,15995306366
云南明德志愿服务中心,19107293890
衡水市心连心公益协会,18046181801
上海嘉和公益基金会,17734325669
厦门市思明区同心社会工作服务中心,11357970179
长沙友缘血友病关爱中心,16470281387
众爱专项基金,11475708734
重庆山城志愿服务中心,12377911155
南关区嘉德社会工作服务中心,18787969136
上海灵青公益发展中心,18299851559
上海普兰文化艺术基金会,11211022075
上海静安君爱公益发展服务中心,13028301539
上海徐汇区欢乐书乡社区阅读公益服务中心,19338625815
青岛市众绘爱心慈善基金会,16636897053
中国青少年发展基金会,17072329104
深圳市星星烁少儿艺术团,14423610227
上海优来公益基金会,17477962677
上海真爱梦想公益基金会,13875495456
江苏省妇女儿童福利基金会,18447752307
厦门市红十字会,14368318702
北京联益慈善基金会,16262038705
河南省慈善总会萤火大病救助公益基金,13718598951
浙江省云上公益服务中心,17539022710
清涧县微爱公益协会,15441579290
珠海市健帆阳光医疗基金会,14529235083
深圳市瑜水慈善基金会,13428121624
中华儿慈会9958儿童紧急救助中心,19519242606
广州羊城暖蓉基金会,18269847732
滕州市爱心公益信息服务中心,13941171134
齐英杰,17950378385
肇庆市和融社会工作服务中心,19503391451
上海市第一太平洋公益基金会,19097736610
阳原慈善义工联合会,13566339772
北京尚善公益基金会,13774399023
甘肃新星公益慈善中心,13243826878
濮阳市益点爱助学中心,13955848844
深圳市龙岗区龙祥社工服务中心,16582957676
西安市社会组织服务中心,12507436589
中国生物多样性保护与绿色发展基金会生态社区发展基金,13097026050
临泉县扶贫基金会,14269022400
长兴县养正儿童服务发展中心,14927243144
北京高原守护者公益服务中心,12326726934
北京公益服务发展促进会,13435797268
嫣然天使基金,14556790460
青海省关心下一代基金会,16648913006
唐山天享老年公寓,15547573894
中国少年儿童文化艺术基金会,16256471475
西安市碑林区爱心169公益服务中心,18541040119
深圳市慈善会 润心基金,16404290741
南阳市卧龙区志愿者协会,17540160673
中国绿发会濒危物种专项基金,11204687387
祝福宝贝专项基金,14466972863
印东琴,12718054604
福建省正荣公益基金会,13144739628
泰安市家政服务业发展促进会,17575351904
西安市莲湖区破晓公益发展中心,13307278208
陈星,14175378162
重庆市渝中区彩虹六一青年志愿者协会,12824169913
广州市天河区路明社会工作服务中心,11713421546
玉树州利民协会,11352025073
延边朝鲜族自治州厚德慈善援助中心,15360256675
佛山市好友营青少年助学基金会,18848499561
博白县蒲公英助幼爱老服务中心,14552294315
重庆市潼南区馨同社会工作服务中心,17318360873
兰州文化行者文化交流中心,17993839387
叙永县微公益协会,14291385111
新疆慈善总会,15210810766
青海爱之暖社会工作服务中心,17544483521
深圳市关爱行动公益基金会晚报爱基金,14981405829
瑞安市慈善总会,11872708561
广州市大树下助学促进会,19833996519
泸州市江阳区恒德社会工作服务中心,14866451709
上海市浦东新区惠南镇社区基金会,19867398652
重庆市南岸区彩虹社会工作服务中心,17060929612
北京天下溪教育咨询中心,19987976291
上海市青少年发展基金会,18176923569
温州市鹿城区慈善总会,12919652942
北京市海淀教育基金会,15609857138
大连庄河市清水慈善中心,12281088532
上海科技助老服务中心,13713176152
长沙市抗战文化研究会,19527098463
牡丹江爱心帮公益联合会,14214136036
北京阳光未来艺术教育基金会,13700050505
南岸区南坪镇绿荫社工服务中心,17538002329
天津市潮汐济困中心,14083036927
丽江市永宁爱心帮扶中心,18325813055
深圳市龙华区好青年公益文化交流促进中心,12186302839
玉树州风马儿童剧团,13591346289
会宁县无限携手志愿者协会,14132923725
岚县马小马社会公益救助协会,17008484786
成都上厚社会工作服务中心,17893460118
珠海市母乳喂养促进会,17153043226
郑州市郑东新区梦荷社会工作服务中心,16841146628
郑州市中原区益夏社会工作服务中心,14683760632
凉山州玛薇社工发展中心,15605392085
天津市景华公益基金会,13580438508
寿宁县小陆郎社会工作服务中心,13572889041
 河南省慈善总会--WE179重病救助基金会,15028933628
张胜玲,14426265048
吴磊磊,12428294156
李国华,12250416339
闻庆军,17965135549
万学强,19128640240
田欣,16546857213
郭灿灿,18931934541
周雅,15171060539
吴望平,12289104934
仁慧公益,15221364467
长垣县野生动物保护志愿者协会,13979813806
广东省卓如医疗救助基金会,19735704082
重庆市青少年发展基金会,12639984156
刘继成,18088893964
王瑶,15010127748
游思行,15714373341
韩德成,17458573599
贵州省遵义市知行助学基金会,14812773999
周卉,18232164134
邯郸市慈孝文化促进会,12033937562
李洁,12729067124
江苏省老龄事业发展基金会,15418376831
周林枫,18323506784
中华思源工程扶贫基金会天使妈妈救助团队,18610447707
中国下一代教育基金会红烛基金,13167086403
刘祖群,16964342286
蔡姣娥,14836793780
雅安蓝天救援中心,14721125403
中国共产党江西省大余县流动党员支部委员会,19498193287
游代宝,13003618191
成都林荫公益服务中心,14197373123
蒋薇,14397167249
绵阳市涪城区为乐志愿服务与研究中心,17930818949
自贡市灵犀义工联合会,12539821824
河南零片文化传播有限公司,19137502026
刘磊,15488230728
徐磊,15041570394
汉中市怡兰芬公益志愿者协会,14155167352
重庆市九龙坡区义仓社会工作服务中心,13758801744
西宁友成公益联合援助中心,14631081696
深圳市社会公益基金会,19575187592
德阳市关心下一代基金会,12342456978
于殿鹏,15589737796
张泽楠,16860089328
合肥市蜀山区春语儿童康复中心,16996936695
浙江省安居防火救助基金会,17037986553
王贺鸽,15132291261
高平,17231463457
沈斌,18655875698
许国丽,11898182061
岑宏业,13053498079
梁文龙,12066091635
抚州市新希望公益发展中心,13502109911
王永平,12948508681
腾讯大浙网,13521464472
中华少年儿童慈善救助基金会爱心家园救助中心,19956726527
孙晓芳,14621268279
无锡市滨湖区横山慈善基金会,11843393791
南京鼓楼心莲家庭心理调护中心,18299484174
孙云华,19004032621
张铁峰,17183862694
中国社会福利基金会芒果V基金,12995566413
刘海波,15202217484
张红,17112883766
李林峰,18467450360
陈欢,15495273073
北京彩虹桥慈善基金会,19420824641
上海蓝色港湾自闭症青少年发展中心,17009140035
广州市荔湾区正心社会工作服务中心,19831956631
齐海龙,18197270764
上海和顺公益基金会,12917219361
张亚军,11642051478
宁国虎,17874536110
何宗仁,11847828900
林茂胜,17905646893
张乐波,13613092489
周亚丽,16824922180
张海虹,13941706132
王欣,15139992701
武宣县仙城爱心协会,13139826266
陈梦,17284360853
徐雅岚,18683699072
上海大树公益服务支持中心,11983520828
深圳市南山区惠民综合服务社,13217055781
长春市益创汇社会工作服务中心,12782741236
上海市志趣公益基金会,19327760248
白若琪,11527407518
慧敏听力语言训练中心,14654424849
广州市三十七度公益促进会,18302849739
“眼镜哥哥”爱心行动,14770705637
重庆市江北区青少年社会事务服务中心,14555212085
上海联劝公益基金会,11178031134
邹城市盛腾足球俱乐部,17381699380
泸州市基督教三自爱国运动委员会,11678489836
南京市鼓楼区仁医社会工作发展服务中心,13810752058
广州市越秀区微乐益公益成长中心,11508403126
深圳市芙蓉青年服务中心,19251830112
东莞市瓦蓝栈公益服务中心,18574990946
重庆市渝中区自然介公益发展中心,15866927336
巴马瑶族自治县春雨公益协会,11638366569
深圳市龙华区达聆社会工作服务中心,19539387013
长沙市新阳光生命关爱公益服务中心,13106926773
汶川县大同社会工作服务中心,17027656817
四川龙桥黑熊救护中心,14373891780
无锡市锡山区致远微爱公益发展中心,13977836751
北京市西城区常青藤可持续发展研究所,16113846185
海南成美慈善基金会,19585861966
厦门市湖里区霞辉老年社会服务中心,11529068220
南京大报恩文化发展基金会,17564735515
昆明益行公益社区发展服务中心,19157678788
莱芜市暖冬爱心公益服务队,13651639601
广州市高智尔球协会,11565559676
起点工程,13768694934
南昌市仁爱之家残疾人托养服务中心,12955435063
北川羌族自治县大鱼青少年公益发展中心,16167466135
临沂市闪电救援服务中心,18571588456
如皋绿叶义工志愿服务队,14106132353
乐山绿城青少年服务中心,19284965121
南昌市鑫阳光公益协会,11700168286
深圳市守望心智障碍者家庭关爱协会,19163292448
北京希希儿童关爱中心,13846237281
无锡市滨湖区青谷社区营造社,15289007675
菏泽彩虹社会工作服务中心,17005907863
南京玄武长城驿站拥军公益发展中心,15113907637
深圳市行健社会工作服务中心,19954040803
成都高新区阳光志愿者联盟,13987383449
秦皇岛市创业者协会,19710033744
邵阳市益民社会工作服务中心,12510665701
北京市朝阳区中澳听力语言康复培训中心,15314697590
合肥市庐阳区爱相随救助服务中心,14655019779
广州市同道公益发展中心,15714137519
汪金成,16693123742
云南省绿色环境发展基金会,14723683869
青阳县向日葵爱心公益协会,18967861603
会宁新瑞爱心公益救助协会,13606557763
山西铸仁社会工作服务中心,14751535849
徐州市谱牒文化研究会,13309997944
上海心手相牵社区公益基金会,13903572839
重庆市渝中区幸福家庭教育指导中心,14543728247
珠海市德行青少年综合服务中心,18730811077
德阳市助航社会工作服务中心,14330872807
梅州市自闭症互助协会,18358037143
重庆市江津阳光社会工作服务中心,19749498592
昆明市西山区春熙社会事务服务中心,17764021084
无极县义工协会,15845603049
雅安市雨城区梦飞翔公益社会服务中心,17343614908
王坤,16594643773
广州市增城区物业管理行业协会,15774662040
山东省扶贫开发基金会,13775908483
邢台市爱之声康复教育中心,16750293608
道县望龙关爱留守儿童协会,16093313422
鹿邑县晨子康复中心,19271749166
南通市崇川区仁爱社会工作发展中心,14235154877
泰安市德通公益事业发展中心,12053927147
玉溪市萤火虫青少年事务社会工作服务中心,17933575444
内江市东兴区义博残疾人服务中心,11286389205
宝清民间野生鸟类保护中心,17697247450
江门市蓬江区乐怡社会工作服务中心,15317781494
上海思麦公益基金会,18233195976
李强,15682616993
苏州衣加衣公益服务中心,15424079503
中国下一代教育基金会,13540042803
杭州聋儿康复中心,11691375542
成都心家园社会工作服务中心,12135750392
乌鲁木齐益联项目管理中心,12560388157
洛阳市欣和社会工作服务中心,12091696436
绵阳春天社会工作服务中心,18788615149
北京百川公益基金会,14047908267
哈尔滨市流浪小动物救助中心,16927461934
山西方舟自闭症康复研究院,15782614246
广州至善社会发展研究中心,19392370080
河北省残疾人救助协会,17534599807
苏勤,12891416349
聊城市德馨社会工作服务中心,16603710547
广州小洲艺术家协会,17083298912
广州市绿点公益环保促进会,19083091321
株洲市三湘福星园老年公寓,17224412448
闫文爽,17970297825
郑奋,14406331695
宝鸡市小动物保护协会,12931052414
上海希之星公益发展中心,15851251379
东营市橄榄树公益事业发展中心,18758252300
佛山市禅城区支持教育志愿者协会,19713107967
邢台市祥和社工服务中心,19163743238
中华儿慈会-西部儿童救助专项基金,11860201896
洛江区北斗星自闭症儿童培训中心,16634756081
青岛市黄岛区裕阳爱心服务站,15757303103
广州市医疗行业协会,17792269337
辽宁省粉红丝带乳腺病研究院,12030544357
重庆市渝北区爱心九九志愿者协会,13103389702
北川羌魂社会工作服务中心,18302177125
深圳市利民社会工作服务中心,15499815400
广西珂净助学慈善基金会,19574995131
李春云,17838004609
苏州市吴中区正梵公益服务中心,14680573647
北京市通州区爱帮社会工作事务所,19770588377
无锡市梁溪区爱联心智障碍者支持中心,17044066329
广州市白云区惠爱社会工作服务社,11506782527
深圳市松禾成长关爱基金会,14255441675
广州市海珠区海桐康复服务中心,12699386799
天津市武清区太阳语罕见病心理关怀中心,19382227850
宁波江北朴益社会组织服务中心,12320316453
佛山市顺德区乐从镇志愿者（义务工作者）联合会,14928179746
成都市武侯区清韵物业服务指导中心,15148924850
珠海民间治未病研究会,15748540682
广州市海珠区启爱社会服务中心,12111838592
济南市残疾人福利基金会,18688461292
广州市启明社会工作服务中心,12239617371
内蒙古通辽市科尔沁区职业中等专业学校,11756000153
南京关爱好人基金会,13820617866
青岛李沧区玉杰社区服务中心,15530964943
广州市十方缘老人心灵呵护中心,17070658857
广州市增城区社会组织联合会,11443460531
沈阳市铁西区弘善社会工作服务中心,11664629123
陇县萤火虫亲子教育服务中心,14252048784
赵志松,19261219903
广州市心连心地贫服务中心,12580058339
贵阳南明区乐益社工服务中心,19919341574
和众泽益志愿服务中心,11085796377
胡志鹏,14565581872
广州市越秀区红房子社会工作服务中心,12096880466
白河县怡乐社会工作服务中心,13676231426
衡东县洣水志愿者协会,17202115928
宁波市心理援助协会,16067320921
安庆经济技术开发区博仁社会工作服务中心,18947040283
甘肃瑞雅社会工作服务中心,16551061970
白铁军,17706394641
肇庆市至善社会工作服务中心,17963200473
龙岗区跆拳道运动协会,13245586906
广东省亮睛工程慈善基金会,12202347338
东润公益基金会,15076441961
辽宁省公益基金会,19589934628
广州市越秀区衎沛青年发展服务中心,14268574092
鄂温克族自治旗总工会,12988756498
四川光华社会工作服务中心,13613591333
广西日行一善爱心基金会,18069150232
深圳市美丽深圳公益基金会,19773110525
王锦涛,19824181807
黑龙江省希望社会工作服务中心,11650118319
北京市东城区平安星减防灾教育中心,17055492263
福州市青少年事务社会工作者协会,18696838537
成都高新区美锦社区公益发展中心,16426246954
石家庄市裕华区雅致社会工作服务中心 ,16756340560
北京然尔阅读公益发展中心,13800697730
浙江绿色共享教育基金会,11892539617
西吉县清源和谐社区服务中心,12419121294
成都高新区彩虹村公益发展中心,11393296704
广州市越秀区科莱美特环境保护交流中心,18476526135
甘肃甘露公益中心,19459692519
成都心希望青少年心理关爱中心,17095244954
成都善利公益发展中心,18538729424
重庆市武隆区真善美公益协会,19399503358
长春市二道区新智特殊儿童训练学校,14389449649
吉林省延吉市蓝丝带社会工作服务中心,11249518237
哈尔滨市香坊区青少年工作事务所,16696552152
哈尔滨市香坊区佳家娱乐养老服务中心,17107405903
哈尔滨市松北区福寿阁社区养老服务中心,12768042328
哈尔滨市道里区阳光公益组织服务中心,12897646236
海原县爱心环境建设服务中心,15411724230
广州市创意经济促进会,14553904012
安庆市迎江区起点自闭症儿童康复培训中心,14605892203
潍坊市领航社会工作事务所,17695089683
合肥市蜀山区小筛子传统文化公益推广中心,11782911646
榆林市榆阳区微尘社会工作事务所,16093272533
上海银科公益基金会,18953603011
常州市钟楼区天爱儿童康复中心,11779016368
深圳市龙岗区登山运动协会,11521915997
浙江省青少年发展基金会,16537322597
深圳宝兴肾友互助关爱中心,18575277670
深圳市龙岗区彩虹社会工作服务中心,15921991267
高邑县黎明之家康复站,12372809199
成都市慈善总会.奥维斯新光公益基金,18570775354
山西省运城市启音听力语言培训中心,12215803233
兰州市城关区心连心为老陪护服务中心,17053161776
扬州天海慈善基金会,15322157317
广州市华侨文化发展基金会,14874086722
大理市明惠青少年赋能教育中心,19112731235
成都市武侯区红牌楼街道龙腾社区惠民综合服务中心,12949215755
上海四叶草罕见病家庭关爱中心,16561773991
常州市新北区小荷亲子阅读中心,12051131415
福建省高心灵传统文化发展基金会,11486923593
陕西七彩路儿童康复中心,14478373230
广州一百零八度公益基金会,12276934424
汉中市希望公益志愿者协会,14049937063
深圳市福田区心灵之家公益心理咨询中心,19140574248
陈飞波,18904391062
姚章华,15383039671
周显亮,12788818439
宋晶晶,15251999151
成都龙泉驿区全域543社工中心,12130187537
吴天龙,14073484755
王幸福,15183034132
刘万龙,16977072993
潘卫力,13527266709
丛炫炫,14025732880
陈燕,16364368870
上海微笑青年公益服务中心,11215798930
刘小云,14127211923
唐书龙,15104969241
赵之瑞,16333637070
广州市海珠区碧心公益服务中心,19091595563
彭根秀,11802340823
朱锡皋,19610576705
张连凤,16184586398
李愿,12216083989
薛冰冰,12796638499
葛乃飞,12809974938
周少安,19187669047
贺黎黎,18121716679
龚赐华,14150897441
德阳随手公益项目团队,13830371778
刘远京,15224302157
重庆市开州区慈善会,12761811979
吴秋霞,15274476262
贾建军,11396316564
史少华,15308557212
李胜国,15919337162
雅安市青少年发展中心,13736725983
三河市爱心苗圃健康援助中心,13693033664
孙志文,18982327121
行动亚洲生命关怀能力发展中心,18971984456
共青团宝鸡市委员会,19074143194
张杰,17627546668
崔龙雨,18572068056
湖南省四叶草慈善基金会,15335688105
彭耀,17219270260
赵志宽,14766359117
张垒,15625478204
代长侠,16254280279
吴婷婷,19499133550
韩晓磊,11302418209
申鸿烈,11887517455
李军所,16578363852
游成,18772533048
重庆儿童救助基金会,13061319337
杭州市上城区成良微公益主题面馆,14875422906
德阳市青少年心理服务中心,13660830735
赵裕雷,16553078359
白昱阳,17619817711
马鞍山市花山区春雨社会工作服务社,16870692706
